[
    {
        "column_names_original": [
            [
                -1,
                "*"
            ],
            [
                0,
                "Race_ID"
            ],
            [
                0,
                "Name"
            ],
            [
                0,
                "Class"
            ],
            [
                0,
                "Date"
            ],
            [
                0,
                "Track_ID"
            ],
            [
                1,
                "Track_ID"
            ],
            [
                1,
                "Name"
            ],
            [
                1,
                "Location"
            ],
            [
                1,
                "Seating"
            ],
            [
                1,
                "Year_Opened"
            ]
        ],
        "db_id": "race_track",
        "foreign_keys": [
            [
                5,
                6
            ]
        ],
        "primary_keys": [
            1,
            6
        ],
        "table_names_original": [
            "race",
            "track"
        ]
    },
    {
        "column_names_original": [
            [
                -1,
                "*"
            ],
            [
                0,
                "Captain_ID"
            ],
            [
                0,
                "Name"
            ],
            [
                0,
                "Ship_ID"
            ],
            [
                0,
                "age"
            ],
            [
                0,
                "Class"
            ],
            [
                0,
                "Rank"
            ],
            [
                1,
                "Ship_ID"
            ],
            [
                1,
                "Name"
            ],
            [
                1,
                "Type"
            ],
            [
                1,
                "Built_Year"
            ],
            [
                1,
                "Class"
            ],
            [
                1,
                "Flag"
            ]
        ],
        "db_id": "ship_1",
        "foreign_keys": [
            [
                3,
                7
            ]
        ],
        "primary_keys": [
            1,
            7
        ],
        "table_names_original": [
            "captain",
            "Ship"
        ]
    },
    {
        "column_names_original": [
            [
                -1,
                "*"
            ],
            [
                0,
                "City_ID"
            ],
            [
                0,
                "City"
            ],
            [
                0,
                "Hanzi"
            ],
            [
                0,
                "Hanyu_Pinyin"
            ],
            [
                0,
                "Regional_Population"
            ],
            [
                0,
                "GDP"
            ],
            [
                1,
                "Match_ID"
            ],
            [
                1,
                "Date"
            ],
            [
                1,
                "Venue"
            ],
            [
                1,
                "Score"
            ],
            [
                1,
                "Result"
            ],
            [
                1,
                "Competition"
            ],
            [
                2,
                "City_ID"
            ],
            [
                2,
                "Jan"
            ],
            [
                2,
                "Feb"
            ],
            [
                2,
                "Mar"
            ],
            [
                2,
                "Apr"
            ],
            [
                2,
                "Jun"
            ],
            [
                2,
                "Jul"
            ],
            [
                2,
                "Aug"
            ],
            [
                2,
                "Sep"
            ],
            [
                2,
                "Oct"
            ],
            [
                2,
                "Nov"
            ],
            [
                2,
                "Dec"
            ],
            [
                3,
                "Year"
            ],
            [
                3,
                "Match_ID"
            ],
            [
                3,
                "Host_City"
            ]
        ],
        "db_id": "city_record",
        "foreign_keys": [
            [
                13,
                1
            ],
            [
                26,
                7
            ],
            [
                27,
                1
            ]
        ],
        "primary_keys": [
            1,
            7,
            13,
            25
        ],
        "table_names_original": [
            "city",
            "match",
            "temperature",
            "hosting_city"
        ]
    },
    {
        "column_names_original": [
            [
                -1,
                "*"
            ],
            [
                0,
                "aid"
            ],
            [
                0,
                "gender"
            ],
            [
                0,
                "name"
            ],
            [
                0,
                "nationality"
            ],
            [
                0,
                "birth_city"
            ],
            [
                0,
                "birth_year"
            ],
            [
                1,
                "id"
            ],
            [
                1,
                "msid"
            ],
            [
                1,
                "cid"
            ],
            [
                2,
                "id"
            ],
            [
                2,
                "msid"
            ],
            [
                2,
                "aid"
            ],
            [
                2,
                "role"
            ],
            [
                3,
                "gid"
            ],
            [
                3,
                "genre"
            ],
            [
                4,
                "id"
            ],
            [
                4,
                "msid"
            ],
            [
                4,
                "gid"
            ],
            [
                5,
                "id"
            ],
            [
                5,
                "name"
            ],
            [
                5,
                "country_code"
            ],
            [
                6,
                "did"
            ],
            [
                6,
                "gender"
            ],
            [
                6,
                "name"
            ],
            [
                6,
                "nationality"
            ],
            [
                6,
                "birth_city"
            ],
            [
                6,
                "birth_year"
            ],
            [
                7,
                "pid"
            ],
            [
                7,
                "gender"
            ],
            [
                7,
                "name"
            ],
            [
                7,
                "nationality"
            ],
            [
                7,
                "birth_city"
            ],
            [
                7,
                "birth_year"
            ],
            [
                8,
                "id"
            ],
            [
                8,
                "msid"
            ],
            [
                8,
                "did"
            ],
            [
                9,
                "id"
            ],
            [
                9,
                "keyword"
            ],
            [
                10,
                "id"
            ],
            [
                10,
                "msid"
            ],
            [
                10,
                "pid"
            ],
            [
                11,
                "mid"
            ],
            [
                11,
                "title"
            ],
            [
                11,
                "release_year"
            ],
            [
                11,
                "title_aka"
            ],
            [
                11,
                "budget"
            ],
            [
                12,
                "id"
            ],
            [
                12,
                "msid"
            ],
            [
                12,
                "kid"
            ],
            [
                13,
                "sid"
            ],
            [
                13,
                "title"
            ],
            [
                13,
                "release_year"
            ],
            [
                13,
                "num_of_seasons"
            ],
            [
                13,
                "num_of_episodes"
            ],
            [
                13,
                "title_aka"
            ],
            [
                13,
                "budget"
            ],
            [
                14,
                "wid"
            ],
            [
                14,
                "gender"
            ],
            [
                14,
                "name"
            ],
            [
                14,
                "nationality"
            ],
            [
                14,
                "num_of_episodes"
            ],
            [
                14,
                "birth_city"
            ],
            [
                14,
                "birth_year"
            ],
            [
                15,
                "id"
            ],
            [
                15,
                "msid"
            ],
            [
                15,
                "wid"
            ]
        ],
        "db_id": "imdb",
        "foreign_keys": [
            [
                11,
                8
            ],
            [
                12,
                1
            ],
            [
                17,
                8
            ],
            [
                18,
                14
            ],
            [
                36,
                22
            ],
            [
                35,
                8
            ],
            [
                41,
                28
            ],
            [
                40,
                8
            ],
            [
                48,
                8
            ],
            [
                66,
                57
            ],
            [
                65,
                8
            ]
        ],
        "primary_keys": [
            1,
            7,
            10,
            14,
            16,
            19,
            22,
            28,
            34,
            37,
            39,
            42,
            47,
            50,
            57
        ],
        "table_names_original": [
            "actor",
            "copyright",
            "cast",
            "genre",
            "classification",
            "company",
            "director",
            "producer",
            "directed_by",
            "keyword",
            "made_by",
            "movie",
            "tags",
            "tv_series",
            "writer",
            "written_by"
        ]
    },
    {
        "column_names_original": [
            [
                -1,
                "*"
            ],
            [
                0,
                "StuID"
            ],
            [
                0,
                "LName"
            ],
            [
                0,
                "Fname"
            ],
            [
                0,
                "Age"
            ],
            [
                0,
                "Sex"
            ],
            [
                0,
                "Major"
            ],
            [
                0,
                "Advisor"
            ],
            [
                0,
                "city_code"
            ],
            [
                1,
                "StuID"
            ],
            [
                1,
                "PetID"
            ],
            [
                2,
                "PetID"
            ],
            [
                2,
                "PetType"
            ],
            [
                2,
                "pet_age"
            ],
            [
                2,
                "weight"
            ]
        ],
        "db_id": "pets_1",
        "foreign_keys": [
            [
                9,
                1
            ],
            [
                10,
                11
            ]
        ],
        "primary_keys": [
            1,
            11
        ],
        "table_names_original": [
            "Student",
            "Has_Pet",
            "Pets"
        ]
    },
    {
        "column_names_original": [
            [
                -1,
                "*"
            ],
            [
                0,
                "CITY_NAME"
            ],
            [
                0,
                "COUNTY"
            ],
            [
                0,
                "REGION"
            ],
            [
                1,
                "ID"
            ],
            [
                1,
                "NAME"
            ],
            [
                1,
                "FOOD_TYPE"
            ],
            [
                1,
                "CITY_NAME"
            ],
            [
                1,
                "RATING"
            ],
            [
                2,
                "RESTAURANT_ID"
            ],
            [
                2,
                "HOUSE_NUMBER"
            ],
            [
                2,
                "STREET_NAME"
            ],
            [
                2,
                "CITY_NAME"
            ]
        ],
        "db_id": "restaurants",
        "foreign_keys": [
            [
                7,
                1
            ],
            [
                12,
                1
            ]
        ],
        "primary_keys": [
            1,
            4,
            9
        ],
        "table_names_original": [
            "GEOGRAPHIC",
            "RESTAURANT",
            "LOCATION"
        ]
    },
    {
        "column_names_original": [
            [
                -1,
                "*"
            ],
            [
                0,
                "address_id"
            ],
            [
                0,
                "line_1"
            ],
            [
                0,
                "line_2"
            ],
            [
                0,
                "line_3"
            ],
            [
                0,
                "city"
            ],
            [
                0,
                "zip_postcode"
            ],
            [
                0,
                "state_province_county"
            ],
            [
                0,
                "country"
            ],
            [
                0,
                "other_address_details"
            ],
            [
                1,
                "course_id"
            ],
            [
                1,
                "course_name"
            ],
            [
                1,
                "course_description"
            ],
            [
                1,
                "other_details"
            ],
            [
                2,
                "department_id"
            ],
            [
                2,
                "department_name"
            ],
            [
                2,
                "department_description"
            ],
            [
                2,
                "other_details"
            ],
            [
                3,
                "degree_program_id"
            ],
            [
                3,
                "department_id"
            ],
            [
                3,
                "degree_summary_name"
            ],
            [
                3,
                "degree_summary_description"
            ],
            [
                3,
                "other_details"
            ],
            [
                4,
                "section_id"
            ],
            [
                4,
                "course_id"
            ],
            [
                4,
                "section_name"
            ],
            [
                4,
                "section_description"
            ],
            [
                4,
                "other_details"
            ],
            [
                5,
                "semester_id"
            ],
            [
                5,
                "semester_name"
            ],
            [
                5,
                "semester_description"
            ],
            [
                5,
                "other_details"
            ],
            [
                6,
                "student_id"
            ],
            [
                6,
                "current_address_id"
            ],
            [
                6,
                "permanent_address_id"
            ],
            [
                6,
                "first_name"
            ],
            [
                6,
                "middle_name"
            ],
            [
                6,
                "last_name"
            ],
            [
                6,
                "cell_mobile_number"
            ],
            [
                6,
                "email_address"
            ],
            [
                6,
                "ssn"
            ],
            [
                6,
                "date_first_registered"
            ],
            [
                6,
                "date_left"
            ],
            [
                6,
                "other_student_details"
            ],
            [
                7,
                "student_enrolment_id"
            ],
            [
                7,
                "degree_program_id"
            ],
            [
                7,
                "semester_id"
            ],
            [
                7,
                "student_id"
            ],
            [
                7,
                "other_details"
            ],
            [
                8,
                "student_course_id"
            ],
            [
                8,
                "course_id"
            ],
            [
                8,
                "student_enrolment_id"
            ],
            [
                9,
                "transcript_id"
            ],
            [
                9,
                "transcript_date"
            ],
            [
                9,
                "other_details"
            ],
            [
                10,
                "student_course_id"
            ],
            [
                10,
                "transcript_id"
            ]
        ],
        "db_id": "student_transcripts_tracking",
        "foreign_keys": [
            [
                19,
                14
            ],
            [
                24,
                10
            ],
            [
                34,
                1
            ],
            [
                33,
                1
            ],
            [
                47,
                32
            ],
            [
                46,
                28
            ],
            [
                45,
                18
            ],
            [
                51,
                44
            ],
            [
                50,
                10
            ],
            [
                56,
                52
            ],
            [
                55,
                49
            ]
        ],
        "primary_keys": [
            1,
            10,
            14,
            18,
            23,
            28,
            32,
            44,
            49,
            52
        ],
        "table_names_original": [
            "Addresses",
            "Courses",
            "Departments",
            "Degree_Programs",
            "Sections",
            "Semesters",
            "Students",
            "Student_Enrolment",
            "Student_Enrolment_Courses",
            "Transcripts",
            "Transcript_Contents"
        ]
    },
    {
        "column_names_original": [
            [
                -1,
                "*"
            ],
            [
                0,
                "Mission_ID"
            ],
            [
                0,
                "Ship_ID"
            ],
            [
                0,
                "Code"
            ],
            [
                0,
                "Launched_Year"
            ],
            [
                0,
                "Location"
            ],
            [
                0,
                "Speed_knots"
            ],
            [
                0,
                "Fate"
            ],
            [
                1,
                "Ship_ID"
            ],
            [
                1,
                "Name"
            ],
            [
                1,
                "Type"
            ],
            [
                1,
                "Nationality"
            ],
            [
                1,
                "Tonnage"
            ]
        ],
        "db_id": "ship_mission",
        "foreign_keys": [
            [
                2,
                8
            ]
        ],
        "primary_keys": [
            1,
            8
        ],
        "table_names_original": [
            "mission",
            "ship"
        ]
    },
    {
        "column_names_original": [
            [
                -1,
                "*"
            ],
            [
                0,
                "document_type_code"
            ],
            [
                0,
                "document_description"
            ],
            [
                1,
                "document_id"
            ],
            [
                1,
                "document_type_code"
            ],
            [
                1,
                "grant_id"
            ],
            [
                1,
                "sent_date"
            ],
            [
                1,
                "response_received_date"
            ],
            [
                1,
                "other_details"
            ],
            [
                2,
                "grant_id"
            ],
            [
                2,
                "organisation_id"
            ],
            [
                2,
                "grant_amount"
            ],
            [
                2,
                "grant_start_date"
            ],
            [
                2,
                "grant_end_date"
            ],
            [
                2,
                "other_details"
            ],
            [
                3,
                "organisation_type"
            ],
            [
                3,
                "organisation_type_description"
            ],
            [
                4,
                "organisation_id"
            ],
            [
                4,
                "organisation_type"
            ],
            [
                4,
                "organisation_details"
            ],
            [
                5,
                "project_id"
            ],
            [
                5,
                "outcome_code"
            ],
            [
                5,
                "outcome_details"
            ],
            [
                6,
                "staff_id"
            ],
            [
                6,
                "project_id"
            ],
            [
                6,
                "role_code"
            ],
            [
                6,
                "date_from"
            ],
            [
                6,
                "date_to"
            ],
            [
                6,
                "other_details"
            ],
            [
                7,
                "project_id"
            ],
            [
                7,
                "organisation_id"
            ],
            [
                7,
                "project_details"
            ],
            [
                8,
                "outcome_code"
            ],
            [
                8,
                "outcome_description"
            ],
            [
                9,
                "staff_id"
            ],
            [
                9,
                "employer_organisation_id"
            ],
            [
                9,
                "staff_details"
            ],
            [
                10,
                "role_code"
            ],
            [
                10,
                "role_description"
            ],
            [
                11,
                "task_id"
            ],
            [
                11,
                "project_id"
            ],
            [
                11,
                "task_details"
            ],
            [
                11,
                "eg Agree Objectives"
            ]
        ],
        "db_id": "tracking_grants_for_research",
        "foreign_keys": [
            [
                5,
                9
            ],
            [
                4,
                1
            ],
            [
                10,
                17
            ],
            [
                18,
                15
            ],
            [
                21,
                32
            ],
            [
                20,
                29
            ],
            [
                25,
                37
            ],
            [
                24,
                29
            ],
            [
                30,
                17
            ],
            [
                35,
                17
            ],
            [
                40,
                29
            ]
        ],
        "primary_keys": [
            1,
            3,
            9,
            15,
            17,
            23,
            29,
            32,
            34,
            37,
            39
        ],
        "table_names_original": [
            "Document_Types",
            "Documents",
            "Grants",
            "Organisation_Types",
            "Organisations",
            "Project_Outcomes",
            "Project_Staff",
            "Projects",
            "Research_Outcomes",
            "Research_Staff",
            "Staff_Roles",
            "Tasks"
        ]
    },
    {
        "column_names_original": [
            [
                -1,
                "*"
            ],
            [
                0,
                "ID"
            ],
            [
                0,
                "name"
            ],
            [
                0,
                "grade"
            ],
            [
                1,
                "student_id"
            ],
            [
                1,
                "friend_id"
            ],
            [
                2,
                "student_id"
            ],
            [
                2,
                "liked_id"
            ]
        ],
        "db_id": "network_1",
        "foreign_keys": [
            [
                5,
                1
            ],
            [
                4,
                1
            ],
            [
                6,
                1
            ],
            [
                7,
                1
            ]
        ],
        "primary_keys": [
            1,
            4,
            6
        ],
        "table_names_original": [
            "Highschooler",
            "Friend",
            "Likes"
        ]
    },
    {
        "column_names_original": [
            [
                -1,
                "*"
            ],
            [
                0,
                "actor_id"
            ],
            [
                0,
                "first_name"
            ],
            [
                0,
                "last_name"
            ],
            [
                0,
                "last_update"
            ],
            [
                1,
                "address_id"
            ],
            [
                1,
                "address"
            ],
            [
                1,
                "address2"
            ],
            [
                1,
                "district"
            ],
            [
                1,
                "city_id"
            ],
            [
                1,
                "postal_code"
            ],
            [
                1,
                "phone"
            ],
            [
                1,
                "last_update"
            ],
            [
                2,
                "category_id"
            ],
            [
                2,
                "name"
            ],
            [
                2,
                "last_update"
            ],
            [
                3,
                "city_id"
            ],
            [
                3,
                "city"
            ],
            [
                3,
                "country_id"
            ],
            [
                3,
                "last_update"
            ],
            [
                4,
                "country_id"
            ],
            [
                4,
                "country"
            ],
            [
                4,
                "last_update"
            ],
            [
                5,
                "customer_id"
            ],
            [
                5,
                "store_id"
            ],
            [
                5,
                "first_name"
            ],
            [
                5,
                "last_name"
            ],
            [
                5,
                "email"
            ],
            [
                5,
                "address_id"
            ],
            [
                5,
                "active"
            ],
            [
                5,
                "create_date"
            ],
            [
                5,
                "last_update"
            ],
            [
                6,
                "film_id"
            ],
            [
                6,
                "title"
            ],
            [
                6,
                "description"
            ],
            [
                6,
                "release_year"
            ],
            [
                6,
                "language_id"
            ],
            [
                6,
                "original_language_id"
            ],
            [
                6,
                "rental_duration"
            ],
            [
                6,
                "rental_rate"
            ],
            [
                6,
                "length"
            ],
            [
                6,
                "replacement_cost"
            ],
            [
                6,
                "rating"
            ],
            [
                6,
                "special_features"
            ],
            [
                6,
                "last_update"
            ],
            [
                7,
                "actor_id"
            ],
            [
                7,
                "film_id"
            ],
            [
                7,
                "last_update"
            ],
            [
                8,
                "film_id"
            ],
            [
                8,
                "category_id"
            ],
            [
                8,
                "last_update"
            ],
            [
                9,
                "film_id"
            ],
            [
                9,
                "title"
            ],
            [
                9,
                "description"
            ],
            [
                10,
                "inventory_id"
            ],
            [
                10,
                "film_id"
            ],
            [
                10,
                "store_id"
            ],
            [
                10,
                "last_update"
            ],
            [
                11,
                "language_id"
            ],
            [
                11,
                "name"
            ],
            [
                11,
                "last_update"
            ],
            [
                12,
                "payment_id"
            ],
            [
                12,
                "customer_id"
            ],
            [
                12,
                "staff_id"
            ],
            [
                12,
                "rental_id"
            ],
            [
                12,
                "amount"
            ],
            [
                12,
                "payment_date"
            ],
            [
                12,
                "last_update"
            ],
            [
                13,
                "rental_id"
            ],
            [
                13,
                "rental_date"
            ],
            [
                13,
                "inventory_id"
            ],
            [
                13,
                "customer_id"
            ],
            [
                13,
                "return_date"
            ],
            [
                13,
                "staff_id"
            ],
            [
                13,
                "last_update"
            ],
            [
                14,
                "staff_id"
            ],
            [
                14,
                "first_name"
            ],
            [
                14,
                "last_name"
            ],
            [
                14,
                "address_id"
            ],
            [
                14,
                "picture"
            ],
            [
                14,
                "email"
            ],
            [
                14,
                "store_id"
            ],
            [
                14,
                "active"
            ],
            [
                14,
                "username"
            ],
            [
                14,
                "password"
            ],
            [
                14,
                "last_update"
            ],
            [
                15,
                "store_id"
            ],
            [
                15,
                "manager_staff_id"
            ],
            [
                15,
                "address_id"
            ],
            [
                15,
                "last_update"
            ]
        ],
        "db_id": "sakila_1",
        "foreign_keys": [
            [
                9,
                16
            ],
            [
                18,
                20
            ],
            [
                24,
                86
            ],
            [
                28,
                5
            ],
            [
                37,
                58
            ],
            [
                36,
                58
            ],
            [
                46,
                32
            ],
            [
                45,
                1
            ],
            [
                49,
                13
            ],
            [
                48,
                32
            ],
            [
                55,
                32
            ],
            [
                56,
                86
            ],
            [
                63,
                75
            ],
            [
                62,
                23
            ],
            [
                64,
                68
            ],
            [
                71,
                23
            ],
            [
                70,
                54
            ],
            [
                73,
                75
            ],
            [
                78,
                5
            ],
            [
                88,
                5
            ],
            [
                87,
                75
            ]
        ],
        "primary_keys": [
            1,
            5,
            13,
            16,
            20,
            23,
            32,
            45,
            48,
            51,
            54,
            58,
            61,
            68,
            75,
            86
        ],
        "table_names_original": [
            "actor",
            "address",
            "category",
            "city",
            "country",
            "customer",
            "film",
            "film_actor",
            "film_category",
            "film_text",
            "inventory",
            "language",
            "payment",
            "rental",
            "staff",
            "store"
        ]
    },
    {
        "column_names_original": [
            [
                -1,
                "*"
            ],
            [
                0,
                "venueId"
            ],
            [
                0,
                "venueName"
            ],
            [
                1,
                "authorId"
            ],
            [
                1,
                "authorName"
            ],
            [
                2,
                "datasetId"
            ],
            [
                2,
                "datasetName"
            ],
            [
                3,
                "journalId"
            ],
            [
                3,
                "journalName"
            ],
            [
                4,
                "keyphraseId"
            ],
            [
                4,
                "keyphraseName"
            ],
            [
                5,
                "paperId"
            ],
            [
                5,
                "title"
            ],
            [
                5,
                "venueId"
            ],
            [
                5,
                "year"
            ],
            [
                5,
                "numCiting"
            ],
            [
                5,
                "numCitedBy"
            ],
            [
                5,
                "journalId"
            ],
            [
                6,
                "citingPaperId"
            ],
            [
                6,
                "citedPaperId"
            ],
            [
                7,
                "paperId"
            ],
            [
                7,
                "datasetId"
            ],
            [
                8,
                "paperId"
            ],
            [
                8,
                "keyphraseId"
            ],
            [
                9,
                "paperId"
            ],
            [
                9,
                "authorId"
            ]
        ],
        "db_id": "scholar",
        "foreign_keys": [
            [
                13,
                1
            ],
            [
                17,
                7
            ],
            [
                18,
                11
            ],
            [
                19,
                11
            ],
            [
                23,
                9
            ],
            [
                22,
                11
            ],
            [
                25,
                3
            ],
            [
                24,
                11
            ]
        ],
        "primary_keys": [
            1,
            3,
            5,
            7,
            9,
            11,
            18,
            21,
            23,
            24
        ],
        "table_names_original": [
            "venue",
            "author",
            "dataset",
            "journal",
            "keyphrase",
            "paper",
            "cite",
            "paperDataset",
            "paperKeyphrase",
            "writes"
        ]
    },
    {
        "column_names_original": [
            [
                -1,
                "*"
            ],
            [
                0,
                "player_id"
            ],
            [
                0,
                "first_name"
            ],
            [
                0,
                "last_name"
            ],
            [
                0,
                "hand"
            ],
            [
                0,
                "birth_date"
            ],
            [
                0,
                "country_code"
            ],
            [
                1,
                "best_of"
            ],
            [
                1,
                "draw_size"
            ],
            [
                1,
                "loser_age"
            ],
            [
                1,
                "loser_entry"
            ],
            [
                1,
                "loser_hand"
            ],
            [
                1,
                "loser_ht"
            ],
            [
                1,
                "loser_id"
            ],
            [
                1,
                "loser_ioc"
            ],
            [
                1,
                "loser_name"
            ],
            [
                1,
                "loser_rank"
            ],
            [
                1,
                "loser_rank_points"
            ],
            [
                1,
                "loser_seed"
            ],
            [
                1,
                "match_num"
            ],
            [
                1,
                "minutes"
            ],
            [
                1,
                "round"
            ],
            [
                1,
                "score"
            ],
            [
                1,
                "surface"
            ],
            [
                1,
                "tourney_date"
            ],
            [
                1,
                "tourney_id"
            ],
            [
                1,
                "tourney_level"
            ],
            [
                1,
                "tourney_name"
            ],
            [
                1,
                "winner_age"
            ],
            [
                1,
                "winner_entry"
            ],
            [
                1,
                "winner_hand"
            ],
            [
                1,
                "winner_ht"
            ],
            [
                1,
                "winner_id"
            ],
            [
                1,
                "winner_ioc"
            ],
            [
                1,
                "winner_name"
            ],
            [
                1,
                "winner_rank"
            ],
            [
                1,
                "winner_rank_points"
            ],
            [
                1,
                "winner_seed"
            ],
            [
                1,
                "year"
            ],
            [
                2,
                "ranking_date"
            ],
            [
                2,
                "ranking"
            ],
            [
                2,
                "player_id"
            ],
            [
                2,
                "ranking_points"
            ],
            [
                2,
                "tours"
            ]
        ],
        "db_id": "wta_1",
        "foreign_keys": [
            [
                32,
                1
            ],
            [
                13,
                1
            ],
            [
                41,
                1
            ]
        ],
        "primary_keys": [
            1
        ],
        "table_names_original": [
            "players",
            "matches",
            "rankings"
        ]
    },
    {
        "column_names_original": [
            [
                -1,
                "*"
            ],
            [
                0,
                "payment_method_code"
            ],
            [
                0,
                "payment_method_description"
            ],
            [
                1,
                "Service_Type_Code"
            ],
            [
                1,
                "Parent_Service_Type_Code"
            ],
            [
                1,
                "Service_Type_Description"
            ],
            [
                2,
                "Address_ID"
            ],
            [
                2,
                "Line_1"
            ],
            [
                2,
                "Line_2"
            ],
            [
                2,
                "City_Town"
            ],
            [
                2,
                "State_County"
            ],
            [
                2,
                "Other_Details"
            ],
            [
                3,
                "Product_ID"
            ],
            [
                3,
                "Product_Name"
            ],
            [
                3,
                "Product_Price"
            ],
            [
                3,
                "Product_Description"
            ],
            [
                3,
                "Other_Product_Service_Details"
            ],
            [
                4,
                "Marketing_Region_Code"
            ],
            [
                4,
                "Marketing_Region_Name"
            ],
            [
                4,
                "Marketing_Region_Descriptrion"
            ],
            [
                4,
                "Other_Details"
            ],
            [
                5,
                "Client_ID"
            ],
            [
                5,
                "Address_ID"
            ],
            [
                5,
                "Customer_Email_Address"
            ],
            [
                5,
                "Customer_Name"
            ],
            [
                5,
                "Customer_Phone"
            ],
            [
                5,
                "Other_Details"
            ],
            [
                6,
                "Workshop_Group_ID"
            ],
            [
                6,
                "Address_ID"
            ],
            [
                6,
                "Currency_Code"
            ],
            [
                6,
                "Marketing_Region_Code"
            ],
            [
                6,
                "Store_Name"
            ],
            [
                6,
                "Store_Phone"
            ],
            [
                6,
                "Store_Email_Address"
            ],
            [
                6,
                "Other_Details"
            ],
            [
                7,
                "Performer_ID"
            ],
            [
                7,
                "Address_ID"
            ],
            [
                7,
                "Customer_Name"
            ],
            [
                7,
                "Customer_Phone"
            ],
            [
                7,
                "Customer_Email_Address"
            ],
            [
                7,
                "Other_Details"
            ],
            [
                8,
                "Customer_ID"
            ],
            [
                8,
                "Address_ID"
            ],
            [
                8,
                "Customer_Name"
            ],
            [
                8,
                "Customer_Phone"
            ],
            [
                8,
                "Customer_Email_Address"
            ],
            [
                8,
                "Other_Details"
            ],
            [
                9,
                "Store_ID"
            ],
            [
                9,
                "Address_ID"
            ],
            [
                9,
                "Marketing_Region_Code"
            ],
            [
                9,
                "Store_Name"
            ],
            [
                9,
                "Store_Phone"
            ],
            [
                9,
                "Store_Email_Address"
            ],
            [
                9,
                "Other_Details"
            ],
            [
                10,
                "Booking_ID"
            ],
            [
                10,
                "Customer_ID"
            ],
            [
                10,
                "Workshop_Group_ID"
            ],
            [
                10,
                "Status_Code"
            ],
            [
                10,
                "Store_ID"
            ],
            [
                10,
                "Order_Date"
            ],
            [
                10,
                "Planned_Delivery_Date"
            ],
            [
                10,
                "Actual_Delivery_Date"
            ],
            [
                10,
                "Other_Order_Details"
            ],
            [
                11,
                "Order_ID"
            ],
            [
                11,
                "Performer_ID"
            ],
            [
                12,
                "Order_ID"
            ],
            [
                12,
                "Customer_ID"
            ],
            [
                12,
                "Store_ID"
            ],
            [
                12,
                "Order_Date"
            ],
            [
                12,
                "Planned_Delivery_Date"
            ],
            [
                12,
                "Actual_Delivery_Date"
            ],
            [
                12,
                "Other_Order_Details"
            ],
            [
                13,
                "Order_Item_ID"
            ],
            [
                13,
                "Order_ID"
            ],
            [
                13,
                "Product_ID"
            ],
            [
                13,
                "Order_Quantity"
            ],
            [
                13,
                "Other_Item_Details"
            ],
            [
                14,
                "Invoice_ID"
            ],
            [
                14,
                "Order_ID"
            ],
            [
                14,
                "payment_method_code"
            ],
            [
                14,
                "Product_ID"
            ],
            [
                14,
                "Order_Quantity"
            ],
            [
                14,
                "Other_Item_Details"
            ],
            [
                14,
                "Order_Item_ID"
            ],
            [
                15,
                "Service_ID"
            ],
            [
                15,
                "Service_Type_Code"
            ],
            [
                15,
                "Workshop_Group_ID"
            ],
            [
                15,
                "Product_Description"
            ],
            [
                15,
                "Product_Name"
            ],
            [
                15,
                "Product_Price"
            ],
            [
                15,
                "Other_Product_Service_Details"
            ],
            [
                16,
                "Order_ID"
            ],
            [
                16,
                "Product_ID"
            ],
            [
                17,
                "Invoice_Item_ID"
            ],
            [
                17,
                "Invoice_ID"
            ],
            [
                17,
                "Order_ID"
            ],
            [
                17,
                "Order_Item_ID"
            ],
            [
                17,
                "Product_ID"
            ],
            [
                17,
                "Order_Quantity"
            ],
            [
                17,
                "Other_Item_Details"
            ]
        ],
        "db_id": "cre_Drama_Workshop_Groups",
        "foreign_keys": [
            [
                22,
                6
            ],
            [
                28,
                6
            ],
            [
                36,
                6
            ],
            [
                42,
                6
            ],
            [
                49,
                17
            ],
            [
                48,
                6
            ],
            [
                56,
                27
            ],
            [
                55,
                21
            ],
            [
                63,
                54
            ],
            [
                64,
                35
            ],
            [
                67,
                47
            ],
            [
                66,
                41
            ],
            [
                74,
                12
            ],
            [
                73,
                65
            ],
            [
                79,
                1
            ],
            [
                78,
                54
            ],
            [
                78,
                65
            ],
            [
                85,
                3
            ],
            [
                86,
                27
            ],
            [
                92,
                84
            ],
            [
                91,
                54
            ],
            [
                95,
                91
            ],
            [
                97,
                92
            ],
            [
                94,
                77
            ],
            [
                96,
                72
            ]
        ],
        "primary_keys": [
            1,
            3,
            6,
            12,
            17,
            21,
            27,
            35,
            41,
            47,
            54,
            63,
            65,
            72,
            77,
            84,
            91,
            93
        ],
        "table_names_original": [
            "Ref_Payment_Methods",
            "Ref_Service_Types",
            "Addresses",
            "Products",
            "Marketing_Regions",
            "Clients",
            "Drama_Workshop_Groups",
            "Performers",
            "Customers",
            "Stores",
            "Bookings",
            "Performers_in_Bookings",
            "Customer_Orders",
            "Order_Items",
            "Invoices",
            "Services",
            "Bookings_Services",
            "Invoice_Items"
        ]
    },
    {
        "column_names_original": [
            [
                -1,
                "*"
            ],
            [
                0,
                "state_name"
            ],
            [
                0,
                "population"
            ],
            [
                0,
                "area"
            ],
            [
                0,
                "country_name"
            ],
            [
                0,
                "capital"
            ],
            [
                0,
                "density"
            ],
            [
                1,
                "city_name"
            ],
            [
                1,
                "population"
            ],
            [
                1,
                "country_name"
            ],
            [
                1,
                "state_name"
            ],
            [
                2,
                "state_name"
            ],
            [
                2,
                "border"
            ],
            [
                3,
                "state_name"
            ],
            [
                3,
                "highest_elevation"
            ],
            [
                3,
                "lowest_point"
            ],
            [
                3,
                "highest_point"
            ],
            [
                3,
                "lowest_elevation"
            ],
            [
                4,
                "lake_name"
            ],
            [
                4,
                "area"
            ],
            [
                4,
                "country_name"
            ],
            [
                4,
                "state_name"
            ],
            [
                5,
                "mountain_name"
            ],
            [
                5,
                "mountain_altitude"
            ],
            [
                5,
                "country_name"
            ],
            [
                5,
                "state_name"
            ],
            [
                6,
                "river_name"
            ],
            [
                6,
                "length"
            ],
            [
                6,
                "country_name"
            ],
            [
                6,
                "traverse"
            ]
        ],
        "db_id": "geo",
        "foreign_keys": [
            [
                10,
                1
            ],
            [
                12,
                1
            ],
            [
                11,
                1
            ],
            [
                13,
                1
            ],
            [
                25,
                1
            ],
            [
                29,
                1
            ]
        ],
        "primary_keys": [
            1,
            7,
            12,
            13,
            22,
            26
        ],
        "table_names_original": [
            "state",
            "city",
            "border_info",
            "highlow",
            "lake",
            "mountain",
            "river"
        ]
    },
    {
        "column_names_original": [
            [
                -1,
                "*"
            ],
            [
                0,
                "People_ID"
            ],
            [
                0,
                "Name"
            ],
            [
                0,
                "Country"
            ],
            [
                0,
                "Is_Male"
            ],
            [
                0,
                "Age"
            ],
            [
                1,
                "Church_ID"
            ],
            [
                1,
                "Name"
            ],
            [
                1,
                "Organized_by"
            ],
            [
                1,
                "Open_Date"
            ],
            [
                1,
                "Continuation_of"
            ],
            [
                2,
                "Church_ID"
            ],
            [
                2,
                "Male_ID"
            ],
            [
                2,
                "Female_ID"
            ],
            [
                2,
                "Year"
            ]
        ],
        "db_id": "wedding",
        "foreign_keys": [
            [
                13,
                1
            ],
            [
                12,
                1
            ],
            [
                11,
                6
            ]
        ],
        "primary_keys": [
            1,
            6,
            11
        ],
        "table_names_original": [
            "people",
            "church",
            "wedding"
        ]
    },
    {
        "column_names_original": [
            [
                -1,
                "*"
            ],
            [
                0,
                "Event_ID"
            ],
            [
                0,
                "Date"
            ],
            [
                0,
                "Venue"
            ],
            [
                0,
                "Name"
            ],
            [
                0,
                "Event_Attendance"
            ],
            [
                1,
                "journalist_ID"
            ],
            [
                1,
                "Name"
            ],
            [
                1,
                "Nationality"
            ],
            [
                1,
                "Age"
            ],
            [
                1,
                "Years_working"
            ],
            [
                2,
                "journalist_ID"
            ],
            [
                2,
                "Event_ID"
            ],
            [
                2,
                "Work_Type"
            ]
        ],
        "db_id": "news_report",
        "foreign_keys": [
            [
                12,
                1
            ],
            [
                11,
                6
            ]
        ],
        "primary_keys": [
            1,
            6,
            11
        ],
        "table_names_original": [
            "event",
            "journalist",
            "news_report"
        ]
    },
    {
        "column_names_original": [
            [
                -1,
                "*"
            ],
            [
                0,
                "School_ID"
            ],
            [
                0,
                "School"
            ],
            [
                0,
                "Location"
            ],
            [
                0,
                "Enrollment"
            ],
            [
                0,
                "Founded"
            ],
            [
                0,
                "Denomination"
            ],
            [
                0,
                "Boys_or_Girls"
            ],
            [
                0,
                "Day_or_Boarding"
            ],
            [
                0,
                "Year_Entered_Competition"
            ],
            [
                0,
                "School_Colors"
            ],
            [
                1,
                "School_ID"
            ],
            [
                1,
                "Nickname"
            ],
            [
                1,
                "Colors"
            ],
            [
                1,
                "League"
            ],
            [
                1,
                "Class"
            ],
            [
                1,
                "Division"
            ],
            [
                2,
                "School_Id"
            ],
            [
                2,
                "School_Year"
            ],
            [
                2,
                "Class_A"
            ],
            [
                2,
                "Class_AA"
            ],
            [
                3,
                "Player_ID"
            ],
            [
                3,
                "Player"
            ],
            [
                3,
                "Team"
            ],
            [
                3,
                "Age"
            ],
            [
                3,
                "Position"
            ],
            [
                3,
                "School_ID"
            ]
        ],
        "db_id": "school_player",
        "foreign_keys": [
            [
                11,
                1
            ],
            [
                17,
                1
            ],
            [
                26,
                1
            ]
        ],
        "primary_keys": [
            1,
            11,
            17,
            21
        ],
        "table_names_original": [
            "school",
            "school_details",
            "school_performance",
            "player"
        ]
    },
    {
        "column_names_original": [
            [
                -1,
                "*"
            ],
            [
                0,
                "Department_ID"
            ],
            [
                0,
                "Name"
            ],
            [
                0,
                "Creation"
            ],
            [
                0,
                "Ranking"
            ],
            [
                0,
                "Budget_in_Billions"
            ],
            [
                0,
                "Num_Employees"
            ],
            [
                1,
                "head_ID"
            ],
            [
                1,
                "name"
            ],
            [
                1,
                "born_state"
            ],
            [
                1,
                "age"
            ],
            [
                2,
                "department_ID"
            ],
            [
                2,
                "head_ID"
            ],
            [
                2,
                "temporary_acting"
            ]
        ],
        "db_id": "department_management",
        "foreign_keys": [
            [
                12,
                7
            ],
            [
                11,
                1
            ]
        ],
        "primary_keys": [
            1,
            7,
            11
        ],
        "table_names_original": [
            "department",
            "head",
            "management"
        ]
    }
]